ref_tri,mut_tri,count,proportion,mut_rate,tri_mut_rate
AAA,ACA,147,0.304347826086957,2.49981375611177e-06,7.60812882294887e-07
AAA,AGA,253,0.523809523809524,2.49981375611177e-06,1.3094262532014e-06
AAA,ATA,83,0.17184265010352,2.49981375611177e-06,4.29574620615481e-07
AAC,ACC,42,0.154411764705882,3.24553562852363e-06,5.01148883816148e-07
AAC,AGC,187,0.6875,3.24553562852363e-06,2.23130574460999e-06
AAC,ATC,43,0.158088235294118,3.24553562852363e-06,5.13081000097485e-07
AAG,ACG,115,0.283950617283951,3.35989709456508e-06,9.54044854012305e-07
AAG,AGG,187,0.461728395061728,3.35989709456508e-06,1.5513598930461e-06
AAG,ATG,103,0.254320987654321,3.35989709456508e-06,8.54492347506673e-07
AAT,ACT,49,0.125319693094629,3.68756372246863e-06,4.62124353966658e-07
AAT,AGT,269,0.687979539641944,3.68756372246863e-06,2.5369683921843e-06
AAT,ATT,73,0.186700767263427,3.68756372246863e-06,6.88470976317673e-07
ACA,AAA,151,0.413698630136986,3.09970855436166e-06,1.28234518276332e-06
ACA,AGA,43,0.117808219178082,3.09970855436166e-06,3.65171144760415e-07
ACA,ATA,171,0.468493150684932,3.09970855436166e-06,1.45219222683793e-06
ACC,AAC,108,0.426877470355731,3.31159695336222e-06,1.41364613028901e-06
ACC,AGC,32,0.126482213438735,3.31159695336222e-06,4.18858112678225e-07
ACC,ATC,113,0.446640316205534,3.31159695336222e-06,1.47909271039498e-06
ACG,AAG,40,0.156862745098039,1.10410430642246e-05,1.73192832379993e-06
ACG,AGG,16,0.0627450980392157,1.10410430642246e-05,6.92771329519974e-07
ACG,ATG,199,0.780392156862745,1.10410430642246e-05,8.61634341090467e-06
ACT,AAT,113,0.396491228070175,2.9574400100416e-06,1.17259902152527e-06
ACT,AGT,51,0.178947368421053,2.9574400100416e-06,5.29226107060075e-07
ACT,ATT,121,0.424561403508772,2.9574400100416e-06,1.25561488145626e-06
AGA,AAA,178,0.392070484581498,3.48092261194448e-06,1.36476701525576e-06
AGA,ACA,121,0.266519823788546,3.48092261194448e-06,9.27734881157008e-07
AGA,ATA,155,0.341409691629956,3.48092261194448e-06,1.1884207155317e-06
AGC,AAC,184,0.593548387096774,3.02246412335086e-06,1.79397870547277e-06
AGC,ACC,45,0.145161290322581,3.02246412335086e-06,4.38744792099318e-07
AGC,ATC,81,0.261290322580645,3.02246412335086e-06,7.89740625778772e-07
AGG,AAG,260,0.518962075848303,3.87352581029985e-06,2.01021299536519e-06
AGG,ACG,71,0.141716566866267,3.87352581029985e-06,5.48942779503571e-07
AGG,ATG,170,0.339321357285429,3.87352581029985e-06,1.31437003543109e-06
ATA,AAA,72,0.152542372881356,6.25252435735773e-06,9.53774901969823e-07
ATA,ACA,371,0.786016949152542,6.25252435735773e-06,4.91459011987228e-06
ATA,AGA,29,0.0614406779661017,6.25252435735773e-06,3.84159335515623e-07
ATC,AAC,68,0.331707317073171,2.92700531347127e-06,9.70909079590472e-07
ATC,ACC,125,0.609756097560976,2.92700531347127e-06,1.78475933748248e-06
ATC,AGC,12,0.0585365853658537,2.92700531347127e-06,1.71336896398319e-07
ATG,AAG,77,0.19493670886076,3.94492020515023e-06,7.69009761510298e-07
ATG,ACG,284,0.718987341772152,3.94492020515023e-06,2.83634769180422e-06
ATG,AGG,34,0.0860759493670886,3.94492020515023e-06,3.39562751835716e-07
CAA,CCA,33,0.144736842105263,2.21974065601631e-06,3.21278252844466e-07
CAA,CGA,144,0.631578947368421,2.21974065601631e-06,1.40194146695767e-06
CAA,CTA,51,0.223684210526316,2.21974065601631e-06,4.96520936214175e-07
CAC,CCC,45,0.148026315789474,2.81207835012699e-06,4.1626159788064e-07
CAC,CGC,182,0.598684210526316,2.81207835012699e-06,1.68354690698392e-06
CAC,CTC,77,0.253289473684211,2.81207835012699e-06,7.12269845262429e-07
CAG,CCG,68,0.150442477876106,2.96402103395231e-06,4.45914668824684e-07
CAG,CGG,244,0.539823008849557,2.96402103395231e-06,1.60004675284151e-06
CAG,CTG,140,0.309734513274336,2.96402103395231e-06,9.18059612286114e-07
CCA,CAA,150,0.356294536817102,3.36858489413234e-06,1.20020839458397e-06
CCA,CGA,53,0.125890736342043,3.36858489413234e-06,4.24073632753002e-07
CCA,CTA,218,0.517814726840855,3.36858489413234e-06,1.74430286679537e-06
CCC,CAC,190,0.383064516129032,4.06366784365562e-06,1.55664695623905e-06
CCC,CGC,84,0.169354838709677,4.06366784365562e-06,6.88201812232001e-07
CCC,CTC,222,0.44758064516129,4.06366784365562e-06,1.81881907518457e-06
CCG,CAG,63,0.223404255319149,9.35335109674012e-06,2.08957843650577e-06
CCG,CGG,69,0.24468085106383,9.35335109674012e-06,2.28858590664918e-06
CCG,CTG,150,0.531914893617021,9.35335109674012e-06,4.97518675358517e-06
CGA,CAA,91,0.583333333333333,9.22357047960793e-06,5.38041611310463e-06
CGA,CCA,24,0.153846153846154,9.22357047960793e-06,1.4190108430166e-06
CGA,CTA,41,0.262820512820513,9.22357047960793e-06,2.4241435234867e-06
CGC,CAC,216,0.737201365187713,1.11484476300341e-05,8.21865081258485e-06
CGC,CCC,18,0.0614334470989761,1.11484476300341e-05,6.84887567715405e-07
CGC,CTC,59,0.201365187713311,1.11484476300341e-05,2.24490924973383e-06
CTA,CAA,52,0.233183856502242,3.45823581651103e-06,8.06404764388223e-07
CTA,CCA,138,0.618834080717489,3.45823581651103e-06,2.1400741824149e-06
CTA,CGA,33,0.147982062780269,3.45823581651103e-06,5.11756869707911e-07
CTC,CAC,112,0.301075268817204,3.05283582351182e-06,9.19133366218612e-07
CTC,CCC,204,0.548387096774194,3.05283582351182e-06,1.6741357741839e-06
CTC,CGC,56,0.150537634408602,3.05283582351182e-06,4.59566683109306e-07
GAA,GCA,45,0.153061224489796,2.46405100444776e-06,3.77150663946086e-07
GAA,GGA,144,0.489795918367347,2.46405100444776e-06,1.20688212462748e-06
GAA,GTA,105,0.357142857142857,2.46405100444776e-06,8.80018215874201e-07
GAC,GCC,19,0.085972850678733,3.22235569481964e-06,2.77035104984494e-07
GAC,GGC,156,0.705882352941177,3.22235569481964e-06,2.27460401987269e-06
GAC,GTC,46,0.208144796380091,3.22235569481964e-06,6.7071656996246e-07
GCA,GAA,122,0.38125,3.2149126294246e-06,1.22568543996813e-06
GCA,GGA,26,0.08125,3.2149126294246e-06,2.61211651140748e-07
GCA,GTA,172,0.5375,3.2149126294246e-06,1.72801553831572e-06
GCC,GAC,135,0.379213483146067,3.68784734135212e-06,1.3984814356251e-06
GCC,GGC,34,0.0955056179775281,3.68784734135212e-06,3.52210139342618e-07
GCC,GTC,187,0.525280898876405,3.68784734135212e-06,1.9371557663844e-06
GGA,GAA,221,0.448275862068966,4.41830979843993e-06,1.98062163378342e-06
GGA,GCA,86,0.174442190669371,4.41830979843993e-06,7.7073964029581e-07
GGA,GTA,186,0.377281947261663,4.41830979843993e-06,1.66694852436071e-06
GTA,GAA,48,0.192771084337349,4.68935561474062e-06,9.03972166696988e-07
GTA,GCA,185,0.742971887550201,4.68935561474062e-06,3.48405939247797e-06
GTA,GGA,16,0.0642570281124498,4.68935561474062e-06,3.01324055565662e-07
TAA,TCA,33,0.105431309904153,3.50298502448161e-06,3.69324299705729e-07
TAA,TGA,221,0.706070287539936,3.50298502448161e-06,2.47335364348382e-06
TAA,TTA,59,0.188498402555911,3.50298502448161e-06,6.60307081292061e-07
TCA,TAA,134,0.308755760368664,3.55924536125356e-06,1.09893750785248e-06
TCA,TGA,77,0.17741935483871,3.55924536125356e-06,6.31479015706277e-07
TCA,TTA,223,0.513824884792627,3.55924536125356e-06,1.8288288376948e-06
